;;;;;;;;;;;;
Tasas de paro por distintos grupos de edad, sexo y comunidad autónoma;;;;;;;;;;;;
Unidades: Tasas;;;;;;;;;;;;
;;;;;;;;;;;;
 ;De 16 a 19 años;;;De 20 a 24 años;;;De 25 a 54 años;;;55 y más años;;
 ;Ambos sexos;Hombres;Mujeres;Ambos sexos;Hombres;Mujeres;Ambos sexos;Hombres;Mujeres;Ambos sexos;Hombres;Mujeres
01 Andalucía;;;;;;;;;;;;
    2020;66.07;61.57;72.30;46.09;44.17;48.52;21.07;17.24;25.60;17.34;15.02;20.66
    2019;55.57;51.25;61.77;38.45;34.71;42.98;20.07;16.42;24.33;17.50;15.61;20.08
    2018;60.22;59.31;61.56;43.59;43.79;43.34;21.33;17.41;25.98;20.55;18.95;22.81
    2017;64.10;64.40;63.65;45.68;44.97;46.52;23.93;20.77;27.66;22.38;21.71;23.36
    2016;72.92;67.18;81.19;54.93;53.97;56.06;27.31;23.91;31.33;23.03;23.84;21.91
    2015;73.50;66.60;82.43;53.64;52.72;54.67;29.93;27.10;33.25;26.28;26.15;26.46
    2014;72.28;67.63;78.28;59.42;60.74;57.83;32.86;30.28;35.89;29.39;29.02;29.94
    2013;79.71;77.85;82.01;63.02;62.41;63.70;33.90;32.32;35.77;29.97;29.81;30.21
    2012;78.06;77.67;78.59;58.29;59.78;56.70;32.09;30.99;33.42;27.59;27.31;28.02
    2011;68.42;66.23;71.60;50.53;52.73;48.12;28.07;26.30;30.30;23.01;22.88;23.23
    2010;67.84;63.45;74.86;45.29;46.72;43.75;25.71;24.55;27.17;20.74;20.33;21.50
    2009;60.93;59.28;63.71;40.40;41.93;38.62;23.18;21.75;25.05;18.98;18.17;20.54
    2008;44.82;40.46;51.50;26.40;26.16;26.69;15.99;13.42;19.51;13.71;11.38;18.63
    2007;32.59;24.98;44.45;19.97;17.42;23.01;11.23;8.03;15.77;10.44;8.73;14.22
    2006;30.25;22.55;42.88;18.87;14.96;23.70;11.32;8.06;16.11;9.76;8.35;13.05
02 Aragón;;;;;;;;;;;;
    2020;39.51;35.32;46.92;26.33;22.42;31.49;10.95;9.29;12.79;8.93;7.81;10.31
    2019;35.55;28.91;47.22;25.65;23.88;28.35;8.97;7.34;10.85;8.38;8.44;8.30
    2018;39.47;35.95;46.04;24.67;23.52;26.22;9.59;8.17;11.23;9.33;7.99;10.88
    2017;48.50;43.87;53.73;26.55;27.36;25.64;10.90;8.00;14.34;8.13;6.05;10.64
    2016;56.51;56.47;56.55;33.19;31.45;35.17;14.01;11.22;17.23;9.96;7.81;12.68
    2015;57.17;57.13;57.20;38.04;32.08;45.10;15.81;13.12;18.97;8.91;6.01;12.94
    2014;65.16;62.02;68.99;48.81;49.65;47.97;18.71;16.68;21.08;14.36;13.28;15.94
    2013;82.99;85.90;78.33;42.93;41.45;44.39;20.01;19.08;21.12;14.47;12.87;16.68
    2012;75.83;83.11;65.01;37.07;39.29;34.88;17.88;16.73;19.27;11.13;10.42;12.12
    2011;66.37;68.56;62.42;35.35;38.53;31.61;16.22;15.52;17.08;9.63;10.61;8.21
    2010;47.51;44.09;53.00;28.65;26.28;31.54;14.31;13.56;15.26;8.30;8.73;7.65
    2009;40.96;43.52;37.48;29.31;31.78;26.08;12.23;12.50;11.88;5.68;5.74;5.58
    2008;34.76;32.00;38.35;15.58;11.61;20.56;6.46;6.31;6.66;2.86;1.93;4.59
    2007;23.01;24.56;20.61;10.98;6.98;16.43;4.44;3.13;6.13;4.17;3.18;5.96
    2006;24.10;21.17;27.85;8.73;7.62;10.13;5.06;3.21;7.57;3.20;3.02;3.57
03 Asturias, Principado de;;;;;;;;;;;;
    2020;63.49;60.64;65.38;32.80;38.08;27.22;14.27;13.63;14.97;9.68;9.87;9.49
    2019;32.97;45.50;17.27;28.07;24.96;32.08;14.47;13.56;15.45;10.18;8.95;11.37
    2018;60.43;63.21;56.75;34.33;30.31;38.39;13.60;12.42;14.88;9.03;7.79;10.27
    2017;49.17;43.04;58.42;34.39;37.54;30.57;13.60;13.23;14.00;8.99;8.59;9.42
    2016;43.80;54.87;33.10;48.67;55.82;41.56;17.55;18.69;16.32;9.98;10.23;9.71
    2015;43.54;41.99;45.03;41.63;42.46;40.71;19.08;19.43;18.69;13.39;14.36;12.36
    2014;57.36;47.81;68.20;43.36;43.79;42.92;21.12;20.11;22.22;14.27;13.61;15.01
    2013;84.22;84.08;84.51;51.45;48.48;55.11;24.79;24.64;24.96;10.12;9.64;10.67
    2012;62.74;68.47;58.57;47.89;46.75;49.37;22.30;22.27;22.32;10.37;10.84;9.84
    2011;58.40;59.77;56.20;46.96;50.29;43.57;16.72;16.83;16.59;11.87;13.72;9.66
    2010;54.24;52.79;56.95;34.40;38.06;29.90;15.11;13.81;16.60;10.81;11.07;10.46
    2009;61.90;62.33;61.04;30.84;30.47;31.22;12.36;11.50;13.38;6.75;6.27;7.41
    2008;37.01;35.61;39.47;18.65;17.51;19.90;7.81;5.69;10.35;4.27;4.56;3.84
    2007;27.57;26.26;31.11;17.69;14.54;21.52;8.04;5.85;10.74;3.73;3.95;3.39
    2006;29.91;26.04;35.53;21.42;22.03;20.56;8.59;5.58;12.40;2.96;3.12;2.68
04 Balears, Illes;;;;;;;;;;;;
    2020;56.91;55.13;61.45;37.84;34.37;42.20;15.07;14.14;16.14;11.40;8.55;14.55
    2019;45.29;38.92;52.43;25.40;24.09;26.92;10.47;8.91;12.26;9.48;8.96;10.09
    2018;42.70;41.43;44.63;22.88;27.62;16.98;10.67;10.59;10.77;8.21;9.66;6.58
    2017;42.02;49.87;31.21;27.18;24.83;30.00;10.80;10.43;11.24;12.39;13.54;10.89
    2016;43.08;42.28;44.88;37.79;37.40;38.30;12.36;11.68;13.13;10.45;9.75;11.28
    2015;67.93;67.72;68.22;35.95;41.12;30.16;15.64;15.49;15.81;13.87;12.71;15.32
    2014;63.88;63.63;64.24;40.35;38.13;42.94;17.90;19.19;16.41;19.47;22.59;15.56
    2013;60.94;58.89;63.65;42.10;37.11;47.88;21.00;21.69;20.18;16.63;17.26;15.77
    2012;71.65;74.21;69.03;44.21;39.89;48.68;21.37;21.17;21.61;17.45;16.07;19.22
    2011;69.72;75.56;62.36;37.04;43.09;30.61;20.71;21.00;20.36;15.07;13.99;16.56
    2010;71.17;74.61;66.36;35.49;41.78;28.50;18.38;18.76;17.93;13.49;12.79;14.61
    2009;56.01;62.09;46.03;26.58;33.24;18.84;17.29;18.19;16.19;9.43;9.36;9.54
    2008;39.34;35.38;46.22;20.34;22.72;17.37;9.06;8.50;9.77;4.45;3.23;6.48
    2007;21.72;22.47;20.51;13.24;9.16;18.33;6.48;5.54;7.70;3.81;3.21;4.95
    2006;26.80;24.19;31.69;9.46;6.18;13.72;5.73;4.80;6.90;3.96;2.48;6.75
05 Canarias;;;;;;;;;;;;
    2020;69.62;70.36;68.24;48.87;51.60;46.03;21.18;19.68;22.84;19.16;18.03;20.51
    2019;60.02;65.05;51.94;39.16;35.76;43.41;19.12;17.71;20.67;17.73;17.32;18.29
    2018;48.77;52.39;45.68;36.63;39.82;33.29;18.68;17.39;20.12;19.08;17.28;21.60
    2017;65.04;60.97;69.53;41.65;46.68;36.68;21.77;18.82;25.02;22.24;21.64;23.05
    2016;67.85;64.60;72.41;48.80;50.28;46.90;23.89;21.65;26.41;26.58;25.93;27.41
    2015;67.10;61.82;74.43;51.22;54.41;47.19;27.50;25.72;29.53;25.79;25.61;26.04
    2014;64.89;56.95;73.44;56.17;57.67;54.51;31.00;29.83;32.32;26.77;29.89;22.19
    2013;83.84;79.49;88.89;61.80;65.57;57.65;32.13;32.54;31.65;23.54;25.41;20.89
    2012;71.75;71.29;72.20;60.24;61.01;59.42;31.18;30.98;31.40;21.44;19.52;24.38
    2011;68.97;63.35;78.05;47.20;44.64;49.88;28.03;28.34;27.66;22.06;23.81;19.37
    2010;69.42;71.65;65.15;48.35;51.83;44.45;26.90;27.01;26.77;22.12;23.95;18.79
    2009;61.04;62.17;59.70;44.67;45.39;43.85;24.55;24.48;24.64;16.67;14.88;20.02
    2008;54.73;52.07;58.14;26.31;28.17;23.94;16.03;14.78;17.66;11.48;10.32;13.69
    2007;37.15;30.12;49.63;17.89;14.44;21.88;9.08;7.56;11.08;8.06;6.42;11.07
    2006;40.34;35.09;49.10;18.72;16.26;21.62;10.17;7.86;13.28;8.76;8.87;8.55
06 Cantabria;;;;;;;;;;;;
    2020;47.73;41.97;52.61;41.09;41.96;39.85;11.25;10.35;12.27;8.98;9.58;8.27
    2019;39.72;32.99;44.26;29.05;26.29;32.29;10.10;9.60;10.67;6.65;6.44;6.94
    2018;31.66;30.58;32.63;33.07;30.35;35.29;10.14;8.84;11.66;7.97;6.73;9.41
    2017;29.03;30.22;25.56;36.44;41.50;32.57;13.02;12.22;13.92;9.98;11.50;8.18
    2016;47.26;40.58;53.94;30.23;33.67;26.43;15.05;14.28;15.94;9.63;9.53;9.73
    2015;59.77;69.06;51.11;37.35;47.94;25.04;17.50;15.33;19.99;12.46;13.10;11.65
    2014;65.84;66.21;65.44;47.85;52.92;40.82;18.72;18.78;18.65;14.50;16.28;12.26
    2013;52.69;69.83;40.70;52.46;54.96;49.38;19.86;19.06;20.80;12.64;14.01;10.82
    2012;56.68;64.89;51.10;39.89;35.96;44.59;17.52;17.83;17.16;10.71;12.77;8.16
    2011;57.72;69.35;37.99;38.66;37.55;40.19;14.16;14.85;13.33;10.37;11.52;8.72
    2010;51.40;43.79;62.01;33.90;31.15;36.88;12.43;11.62;13.42;9.33;8.85;10.05
    2009;45.34;35.32;58.36;27.71;24.30;31.51;11.18;11.19;11.16;5.44;5.26;5.74
    2008;27.36;26.27;28.59;17.79;12.30;24.16;6.48;5.49;7.74;3.59;3.28;4.08
    2007;21.18;14.37;31.21;12.38;8.72;16.53;5.59;4.26;7.31;2.52;2.21;3.07
    2006;30.70;22.51;45.42;14.24;8.78;21.02;5.70;3.54;8.50;3.44;3.93;2.49
07 Castilla y León;;;;;;;;;;;;
    2020;49.04;43.60;57.97;31.90;29.50;34.66;11.20;9.89;12.71;9.45;7.79;11.59
    2019;39.23;37.56;41.83;27.20;24.20;31.10;10.75;9.03;12.73;10.04;8.79;11.69
    2018;41.98;38.31;47.93;25.57;27.26;23.47;11.58;9.56;13.93;9.76;8.19;11.87
    2017;57.89;59.01;55.84;32.37;33.58;30.90;13.39;10.82;16.36;10.81;9.44;12.68
    2016;57.62;56.73;58.77;35.87;31.25;41.59;15.17;13.36;17.29;11.80;11.22;12.60
    2015;67.79;61.46;76.98;44.30;40.65;48.59;17.33;14.78;20.37;13.20;12.58;14.04
    2014;65.98;64.77;68.29;47.77;44.67;51.72;19.70;18.07;21.63;15.78;14.57;17.50
    2013;71.79;67.19;79.68;46.07;45.30;47.07;20.80;18.81;23.11;15.52;15.69;15.26
    2012;67.99;62.68;80.78;44.65;41.61;48.02;18.64;16.78;20.92;13.35;13.07;13.82
    2011;51.73;51.42;52.19;35.84;36.56;35.01;15.94;14.48;17.74;10.56;10.58;10.52
    2010;47.76;43.44;54.40;30.86;30.68;31.07;14.89;13.01;17.28;10.38;10.70;9.85
    2009;50.36;46.06;57.18;27.90;23.99;32.73;12.74;10.85;15.17;9.44;9.09;10.06
    2008;40.12;30.30;53.33;18.02;14.46;22.87;8.84;6.19;12.31;5.01;3.96;7.14
    2007;29.97;26.97;35.37;14.37;11.38;18.54;6.38;3.94;9.67;4.07;2.89;6.50
    2006;24.89;17.71;38.16;15.00;11.24;19.68;7.47;4.46;11.58;5.13;4.50;6.56
08 Castilla La Mancha;;;;;;;;;;;;
    2020;57.74;50.94;71.78;36.36;33.75;39.63;16.30;11.88;21.83;15.68;12.50;20.46
    2019;54.85;51.07;62.05;35.63;30.53;41.85;14.16;9.76;19.62;15.69;13.37;18.94
    2018;67.13;62.50;76.59;38.12;32.47;44.60;16.56;11.55;22.89;14.49;11.96;18.13
    2017;60.22;54.73;68.24;41.08;36.40;46.98;19.36;14.80;25.07;16.70;15.66;18.32
    2016;67.30;58.32;78.10;47.77;44.65;51.40;21.35;17.54;26.20;21.86;20.11;24.58
    2015;75.36;68.28;85.30;53.60;50.94;56.40;23.97;19.98;29.05;23.10;21.18;26.16
    2014;79.73;78.73;81.52;57.60;58.88;56.16;26.21;22.72;30.63;25.69;24.08;28.52
    2013;79.04;80.03;77.59;58.09;55.93;60.61;27.32;24.69;30.73;25.01;23.76;27.14
    2012;77.60;70.37;87.02;49.53;49.48;49.60;26.59;23.72;30.37;21.61;19.84;24.57
    2011;61.84;51.86;77.81;44.76;44.59;44.96;21.03;18.67;24.20;15.21;15.51;14.68
    2010;58.57;50.52;72.54;39.23;40.53;37.62;18.87;16.71;21.93;16.25;14.99;18.92
    2009;54.21;52.99;56.17;31.11;29.40;33.17;17.27;15.69;19.53;11.11;10.07;13.43
    2008;35.10;30.27;42.50;19.16;17.11;21.66;10.50;8.23;13.86;6.29;4.76;9.92
    2007;24.53;20.07;31.54;12.78;9.34;17.43;6.56;4.25;10.11;5.33;4.01;8.90
    2006;24.55;16.61;38.83;14.53;10.95;19.33;7.85;4.41;13.37;5.28;3.35;10.66
09 Cataluña;;;;;;;;;;;;
    2020;49.09;44.18;57.08;30.83;32.87;28.53;11.26;10.23;12.38;9.07;8.51;9.71
    2019;36.16;37.28;34.95;23.74;26.14;21.07;9.65;8.97;10.39;9.90;9.26;10.62
    2018;43.66;46.68;40.12;23.86;25.49;21.99;10.04;9.23;10.92;10.61;9.93;11.44
    2017;46.27;47.99;44.04;26.92;28.89;24.73;11.77;10.76;12.85;13.49;11.56;15.81
    2016;50.77;54.32;46.28;30.91;31.41;30.39;14.22;12.91;15.66;14.80;13.71;16.07
    2015;65.92;64.50;67.96;37.05;39.44;34.65;16.47;15.39;17.67;18.24;17.89;18.66
    2014;61.88;63.28;59.95;43.99;45.01;42.90;18.35;18.33;18.37;17.12;18.71;15.16
    2013;71.73;72.39;70.81;44.99;48.94;40.67;21.35;21.71;20.94;17.51;17.91;17.00
    2012;71.24;72.61;69.56;45.54;47.70;43.20;20.79;21.39;20.10;15.90;16.72;14.86
    2011;62.44;67.97;55.51;39.30;44.56;34.00;17.50;17.81;17.14;13.11;13.66;12.37
    2010;61.96;68.00;54.50;32.97;38.89;26.32;16.08;16.66;15.38;12.28;12.61;11.81
    2009;54.59;58.56;49.07;32.10;36.35;27.26;14.69;15.58;13.58;9.97;9.57;10.54
    2008;34.98;35.63;34.12;15.93;18.09;13.41;8.07;8.18;7.92;4.84;4.40;5.56
    2007;25.06;22.98;27.73;10.02;9.17;11.05;5.77;4.89;6.90;4.96;4.46;5.77
    2006;25.50;22.26;29.19;11.53;10.68;12.56;5.74;4.53;7.31;3.88;3.13;5.24
10 Comunitat Valenciana;;;;;;;;;;;;
    2020;51.74;44.42;61.76;32.86;31.52;34.60;14.89;12.87;17.23;14.09;12.68;15.77
    2019;40.52;37.44;45.94;28.72;23.84;34.48;12.76;10.50;15.39;13.39;11.31;15.99
    2018;46.81;47.83;45.68;30.95;32.35;29.20;14.07;12.28;16.16;14.88;12.97;17.30
    2017;51.87;51.01;53.18;38.90;41.38;36.17;16.33;13.79;19.27;16.24;16.75;15.60
    2016;59.61;56.24;65.27;42.10;41.59;42.65;18.86;16.73;21.31;18.25;18.01;18.53
    2015;63.21;62.40;64.31;44.46;45.02;43.80;20.90;19.43;22.62;20.29;21.88;18.31
    2014;74.64;75.33;73.77;52.96;53.90;51.87;23.96;22.94;25.16;20.26;19.98;20.63
    2013;70.25;68.63;72.21;53.05;55.06;50.77;26.51;25.32;27.91;20.85;20.69;21.07
    2012;66.81;66.27;67.49;49.85;53.29;46.13;25.82;25.97;25.63;19.40;19.44;19.34
    2011;68.40;74.97;59.94;47.84;50.72;44.75;22.40;21.91;23.00;15.07;14.94;15.26
    2010;67.51;61.73;75.17;36.28;36.06;36.51;21.36;21.55;21.12;17.56;18.82;15.46
    2009;58.93;55.57;63.51;34.17;34.84;33.45;19.44;19.97;18.77;12.87;12.73;13.10
    2008;41.55;37.83;46.89;21.35;21.04;21.70;10.69;9.60;12.11;6.79;6.69;6.98
    2007;29.64;24.64;37.14;15.49;13.38;17.98;7.66;5.95;9.97;5.14;3.97;7.33
    2006;30.15;25.81;35.59;14.02;11.69;16.67;7.20;5.38;9.73;5.71;4.87;7.30
11 Extremadura;;;;;;;;;;;;
    2020;69.25;62.84;79.89;42.65;39.96;46.05;20.70;16.00;26.04;17.35;16.35;18.73
    2019;62.65;53.45;87.58;41.16;33.16;50.58;20.56;15.43;26.72;16.98;13.50;21.84
    2018;54.49;52.31;59.82;44.99;41.76;49.04;22.48;17.33;28.76;19.94;18.43;22.15
    2017;60.67;51.08;82.23;46.44;44.06;49.05;24.73;21.19;29.00;23.45;20.20;28.90
    2016;57.06;48.75;70.89;49.05;49.51;48.54;25.88;21.52;31.30;24.31;22.38;27.41
    2015;78.93;77.25;82.13;50.64;46.46;56.25;27.48;23.60;32.33;23.56;22.06;25.90
    2014;75.02;71.72;78.48;51.72;51.81;51.62;28.38;25.44;32.10;22.35;21.51;23.66
    2013;73.09;69.99;77.85;59.07;60.66;57.18;31.48;29.02;34.47;28.32;30.28;25.21
    2012;73.99;63.17;89.29;59.38;58.00;61.03;30.12;27.28;33.74;28.27;31.19;22.68
    2011;64.58;70.04;55.83;47.78;43.58;52.46;22.71;20.62;25.46;18.80;18.43;19.54
    2010;58.34;60.25;55.52;42.64;40.13;45.63;20.73;18.11;24.23;16.55;16.33;17.03
    2009;55.08;44.70;69.55;37.29;32.57;43.23;17.85;14.78;22.03;18.97;18.85;19.24
    2008;38.92;26.99;58.87;25.55;18.10;34.66;13.32;9.51;18.76;14.27;11.77;20.34
    2007;31.71;25.84;40.53;24.56;17.94;33.32;11.25;7.62;16.51;10.14;9.21;11.99
    2006;36.80;32.44;45.71;19.96;12.60;29.60;11.73;8.43;16.70;11.17;10.74;12.14
12 Galicia;;;;;;;;;;;;
    2020;45.02;40.00;55.41;31.22;29.47;33.53;11.68;10.22;13.25;8.90;8.68;9.14
    2019;41.37;39.47;44.70;25.50;26.06;24.77;11.27;9.96;12.66;9.85;9.22;10.53
    2018;47.64;35.71;66.71;29.78;29.60;29.98;12.69;11.50;13.94;11.23;11.23;11.22
    2017;58.50;60.96;55.51;31.27;32.35;30.06;15.13;13.87;16.50;12.83;14.08;11.50
    2016;57.13;53.29;61.32;38.29;37.59;39.15;16.65;15.51;17.90;12.72;14.36;10.95
    2015;63.70;66.70;59.36;40.64;42.37;38.73;18.87;17.49;20.38;13.89;15.67;11.93
    2014;68.12;65.84;70.90;45.71;46.50;44.79;21.02;20.63;21.45;15.22;16.72;13.44
    2013;64.79;60.62;70.93;48.10;49.61;46.41;21.34;21.42;21.26;15.05;16.24;13.57
    2012;55.48;52.27;59.46;43.50;44.47;42.42;20.04;20.31;19.74;12.66;13.08;12.15
    2011;48.49;47.18;50.61;35.48;36.50;34.19;16.75;15.72;17.91;10.59;10.45;10.75
    2010;48.51;43.01;56.64;32.52;32.32;32.77;14.58;13.70;15.59;9.09;9.17;8.99
    2009;42.50;40.96;45.89;27.79;28.36;27.11;11.49;10.39;12.76;7.20;6.90;7.60
    2008;31.26;27.29;39.20;18.62;16.58;21.30;7.80;6.53;9.30;5.59;4.40;7.31
    2007;23.17;21.38;27.20;13.94;10.09;19.20;7.02;5.06;9.34;5.13;4.44;6.21
    2006;21.01;14.49;33.95;17.18;13.68;21.54;7.66;5.06;10.75;5.70;5.59;5.86
13 Madrid, Comunidad de;;;;;;;;;;;;
    2020;47.74;46.56;49.52;29.02;27.10;30.96;11.50;10.50;12.51;10.60;10.00;11.24
    2019;46.28;41.30;51.26;25.89;26.05;25.73;9.14;8.34;9.96;10.78;9.82;11.84
    2018;51.43;52.09;50.68;23.61;26.44;20.63;11.24;10.50;12.03;11.02;9.88;12.30
    2017;60.34;61.22;59.18;30.58;33.49;27.47;12.11;11.21;13.05;11.49;11.13;11.87
    2016;59.56;64.57;53.82;37.21;36.87;37.55;14.05;13.16;14.97;14.59;14.33;14.88
    2015;68.61;67.37;70.03;40.07;42.58;37.36;15.55;15.13;15.99;13.17;12.80;13.61
    2014;68.78;58.59;78.55;45.46;44.85;46.05;16.75;16.24;17.29;16.14;14.95;17.48
    2013;73.64;71.87;76.64;44.64;44.17;45.09;17.84;17.35;18.36;16.87;15.84;18.04
    2012;77.73;80.35;74.56;42.64;46.87;38.22;16.90;17.39;16.38;13.35;12.80;13.99
    2011;62.81;59.18;66.70;36.47;38.88;33.92;14.89;14.90;14.87;11.34;11.49;11.15
    2010;58.63;60.44;56.42;32.83;34.26;31.30;14.56;14.12;15.04;10.16;10.22;10.06
    2009;52.42;53.27;51.08;30.08;31.64;28.44;12.02;12.25;11.76;11.16;8.99;14.41
    2008;35.61;29.71;41.63;16.81;17.90;15.58;7.34;6.62;8.16;7.11;6.15;8.65
    2007;28.44;22.90;35.78;13.78;10.59;17.06;5.10;4.09;6.27;4.61;3.49;6.54
    2006;29.60;26.83;32.64;10.71;9.56;11.86;5.41;3.75;7.37;4.53;3.39;6.58
14 Murcia, Región de;;;;;;;;;;;;
    2020;59.28;58.31;61.21;31.74;26.14;39.35;15.27;12.77;18.42;10.57;7.64;14.28
    2019;43.90;33.62;60.51;31.01;26.79;36.58;13.36;10.42;16.95;11.45;10.24;13.15
    2018;48.85;47.03;51.56;35.56;37.65;32.94;14.84;10.65;19.99;15.22;13.25;17.89
    2017;50.98;48.57;54.84;36.35;38.97;33.52;16.49;13.03;20.79;15.10;13.69;17.05
    2016;62.87;65.18;59.36;41.91;36.91;48.33;17.23;14.54;20.63;19.46;18.42;21.07
    2015;61.13;60.12;63.30;48.21;43.47;53.94;22.06;19.01;25.96;23.55;21.43;26.61
    2014;63.72;57.86;72.96;50.12;46.45;54.64;24.88;22.78;27.51;21.08;21.01;21.16
    2013;70.31;62.81;82.00;50.18;51.39;48.72;27.63;27.12;28.28;20.48;20.94;19.84
    2012;70.95;71.84;69.81;45.95;46.53;45.28;26.19;26.24;26.12;19.27;21.01;16.77
    2011;67.24;66.72;67.87;42.92;44.39;41.09;23.00;23.06;22.91;18.42;18.22;18.75
    2010;54.44;57.27;50.42;35.29;37.08;33.19;22.09;22.34;21.75;12.99;13.10;12.84
    2009;55.31;56.41;53.78;27.75;29.59;25.39;19.74;21.30;17.61;10.27;10.69;9.46
    2008;33.03;34.22;31.34;19.98;19.53;20.53;11.14;10.68;11.78;7.92;7.48;8.80
    2007;28.58;23.72;36.62;12.47;11.93;13.18;6.25;4.62;8.73;5.47;5.09;6.22
    2006;29.25;22.91;38.72;13.74;10.31;18.33;6.59;4.92;9.15;4.91;4.73;5.27
15 Navarra, Comunidad Foral de;;;;;;;;;;;;
    2020;23.68;32.79;14.51;26.13;27.28;24.93;9.63;9.41;9.87;7.01;7.31;6.60
    2019;45.10;40.67;51.17;19.92;21.30;18.34;7.88;6.76;9.13;4.90;4.68;5.18
    2018;43.91;51.97;35.55;22.88;22.71;23.09;9.25;8.18;10.43;7.20;5.95;8.67
    2017;42.23;26.90;69.63;28.53;21.73;37.11;9.22;6.85;11.94;6.25;5.13;7.58
    2016;37.54;27.81;52.11;33.18;33.61;32.70;11.48;10.06;13.09;9.26;6.83;12.17
    2015;52.75;50.19;58.84;35.33;37.50;33.12;13.21;12.12;14.46;8.19;6.10;11.02
    2014;75.80;81.80;66.17;39.08;47.57;30.66;14.55;13.85;15.37;9.63;8.91;10.54
    2013;67.22;65.89;68.77;45.70;44.95;46.50;17.30;16.51;18.25;8.79;9.32;8.06
    2012;66.87;70.98;62.89;36.08;34.06;38.25;15.50;16.51;14.30;8.81;8.49;9.25
    2011;54.68;49.57;57.79;24.93;22.15;27.79;12.26;12.37;12.12;7.58;7.24;8.11
    2010;44.34;48.03;41.36;27.86;26.94;28.86;10.74;10.49;11.07;7.23;7.32;7.09
    2009;47.93;44.55;53.32;25.43;24.80;26.19;9.54;8.88;10.37;5.39;3.89;7.94
    2008;43.88;39.78;48.73;13.12;13.25;12.97;6.07;5.04;7.38;2.95;1.35;6.11
    2007;19.46;12.57;28.33;9.74;7.24;12.91;4.23;2.86;6.03;2.42;1.29;4.80
    2006;15.69;10.89;24.87;13.78;14.39;13.11;4.65;3.50;6.17;2.84;1.32;5.75
16 País Vasco;;;;;;;;;;;;
    2020;42.13;34.93;53.52;32.01;30.03;34.49;8.73;7.30;10.24;6.80;7.86;5.74
    2019;38.38;34.90;42.62;25.39;25.65;25.10;7.90;7.18;8.68;8.86;10.33;7.27
    2018;30.89;27.70;34.71;25.01;24.79;25.29;9.21;9.20;9.21;8.54;9.13;7.85
    2017;36.20;39.46;31.91;25.94;24.72;27.30;10.85;9.89;11.90;8.78;8.64;8.95
    2016;56.62;61.30;52.76;31.52;31.55;31.50;11.98;11.35;12.66;9.43;9.28;9.61
    2015;54.52;64.58;41.65;38.69;41.23;35.86;14.53;14.64;14.41;8.65;7.94;9.52
    2014;52.11;53.22;50.62;44.12;45.70;42.48;16.10;16.14;16.06;9.20;10.34;7.76
    2013;64.81;53.91;75.25;43.47;47.43;38.50;15.89;15.82;15.97;9.91;10.21;9.54
    2012;65.13;55.33;74.87;39.95;40.11;39.76;14.67;14.95;14.36;10.03;8.87;11.57
    2011;51.21;60.29;42.89;31.95;29.47;34.45;11.45;11.20;11.73;7.87;6.64;9.57
    2010;41.08;37.51;46.62;29.20;32.36;25.89;9.87;9.55;10.25;6.10;4.81;8.10
    2009;42.22;40.24;44.61;29.77;33.20;25.94;10.22;10.06;10.41;6.66;5.21;9.09
    2008;38.08;32.34;45.09;16.17;13.67;19.06;5.95;5.31;6.74;3.21;2.41;4.50
    2007;30.76;21.55;40.94;15.23;15.49;14.94;5.53;4.27;7.12;3.76;3.07;4.94
    2006;41.23;36.40;47.90;17.13;16.65;17.71;6.24;4.77;8.08;3.42;2.69;4.82
17 Rioja, La;;;;;;;;;;;;
    2020;53.46;53.37;53.67;22.90;21.52;24.64;10.19;8.64;11.91;8.21;6.07;10.90
    2019;38.47;47.03;26.31;21.99;22.32;21.58;8.43;7.99;8.91;10.95;12.49;9.25
    2018;46.79;53.47;36.92;22.34;21.00;23.74;9.03;7.15;11.16;11.40;12.21;10.53
    2017;48.49;33.20;61.99;26.03;21.26;31.82;11.60;9.18;14.38;8.13;6.94;9.61
    2016;71.05;58.51;79.73;28.79;36.14;19.41;12.82;11.14;14.75;9.90;8.89;11.24
    2015;66.50;64.32;68.08;34.22;37.77;29.14;13.73;11.76;16.03;14.46;15.29;13.28
    2014;68.77;50.60;92.96;39.81;43.73;35.47;16.80;13.86;20.20;13.52;11.95;15.59
    2013;57.64;45.25;70.67;45.65;48.88;42.43;18.79;17.80;19.96;14.94;15.73;13.88
    2012;64.11;58.62;73.31;47.00;40.68;54.43;18.79;17.36;20.52;15.63;15.88;15.25
    2011;78.03;72.69;82.66;37.67;33.43;42.55;16.29;16.39;16.17;6.30;6.95;5.04
    2010;67.07;60.41;75.30;29.09;25.22;34.86;12.91;12.28;13.72;9.26;5.93;14.52
    2009;58.62;55.04;63.69;25.87;28.81;22.33;10.93;11.10;10.70;8.36;6.61;11.61
    2008;47.55;57.84;38.41;15.86;12.15;19.73;6.87;5.76;8.41;3.67;2.46;6.33
    2007;25.17;20.24;32.48;13.91;10.55;18.27;4.73;3.04;7.18;3.02;3.32;2.42
    2006;24.74;24.55;25.04;12.58;8.50;17.40;5.54;4.80;6.56;2.38;2.11;3.01
18 Ceuta;;;;;;;;;;;;
    2020;100.00;100.00;100.00;59.08;60.40;57.57;23.14;19.32;28.02;14.65;15.60;12.98
    2019;64.03;100.00;55.83;50.16;64.59;34.79;24.38;20.29;30.22;19.00;18.03;20.50
    2018;68.19;100.00;58.30;61.52;55.35;66.72;27.27;20.74;35.45;20.63;19.03;22.59
    2017;60.92;61.61;59.45;53.71;55.14;52.91;20.58;14.97;28.23;18.22;16.66;20.81
    2016;71.85;61.18;100.00;61.46;67.35;52.13;22.05;16.00;30.59;20.09;17.12;25.42
    2015;88.73;100.00;88.13;77.48;75.78;79.11;22.67;17.20;31.14;21.01;21.58;19.94
    2014;86.78;77.31;100.00;63.31;53.79;75.34;30.91;28.69;34.35;10.76;11.00;10.34
    2013;88.17;88.46;87.81;69.08;73.07;65.08;33.29;26.18;43.78;19.36;18.92;20.26
    2012;96.24;94.19;100.00;64.31;71.82;55.37;36.80;26.82;50.89;12.02;10.46;14.62
    2011;88.26;78.35;100.00;55.41;48.53;63.25;24.31;19.48;32.67;12.96;9.64;18.62
    2010;83.94;75.59;86.56;58.66;51.93;73.14;18.94;17.02;22.22;19.19;19.67;17.93
    2009;73.20;68.45;79.21;29.48;19.20;41.87;18.25;13.18;26.39;3.66;3.02;5.32
    2008;52.13;41.82;69.68;36.05;22.93;47.93;15.23;11.60;21.47;6.95;5.69;11.27
    2007;45.88;39.41;69.35;34.41;21.21;50.67;18.84;13.98;26.87;12.68;12.25;14.09
    2006;70.90;56.69;87.30;48.58;38.79;63.07;17.04;13.10;22.99;8.58;9.05;6.50
19 Melilla;;;;;;;;;;;;
    2020;90.21;100.00;83.80;66.03;78.50;55.34;20.21;16.60;25.03;15.16;14.06;16.32
    2019;88.27;100.00;78.89;58.57;62.45;54.53;24.67;18.18;33.10;17.50;19.83;14.69
    2018;80.50;76.79;87.16;62.40;57.78;70.31;22.52;17.18;29.85;19.16;18.23;20.34
    2017;100.00;100.00;100.00;56.21;54.33;58.66;25.79;15.31;40.20;16.26;20.52;8.88
    2016;78.42;83.14;77.35;67.65;57.76;79.42;27.41;21.28;35.98;22.48;24.00;19.54
    2015;84.79;88.93;80.42;69.80;58.82;93.35;32.57;27.78;38.88;19.38;18.24;21.28
    2014;100.00;100.00;100.00;53.58;30.52;86.50;26.98;22.54;32.36;21.90;19.82;25.77
    2013;47.03;36.66;60.45;55.49;52.26;59.31;30.92;33.29;27.63;23.85;20.30;30.04
    2012;72.36;67.93;75.30;55.45;63.51;44.85;24.63;19.67;32.26;16.06;15.94;16.27
    2011;76.41;85.74;69.51;60.34;62.68;57.38;20.03;15.46;26.50;13.25;15.83;8.53
    2010;67.67;52.25;90.31;45.91;36.31;60.09;20.92;16.29;27.78;3.63;4.57;1.85
    2009;41.56;96.98;25.17;37.77;15.14;78.66;23.13;17.67;30.82;11.64;15.85;1.18
    2008;63.78;60.17;68.72;32.64;28.50;43.06;17.68;12.22;26.95;19.22;19.83;16.61
    2007;43.21;45.74;41.13;26.90;9.22;44.33;16.60;12.03;24.18;10.86;7.84;22.27
    2006;37.13;32.68;44.61;20.07;16.80;24.24;12.55;7.04;21.34;2.37;1.19;7.38
;;;;;;;;;;;;
;;;;;;;;;;;;
Notas:;;;;;;;;;;;;
;;;;;;;;;;;;
Fuente: ;;;;;;;;;;;;
Instituto Nacional de Estadística;;;;;;;;;;;;
